{
  "subjects": {
    "subject_01": {
      "TRCA": {
        "accuracy": 0.5486111111111112,
        "kappa": 0.39814814814814814
      },
      "Wavelet": {
        "accuracy": 0.3819444444444444,
        "kappa": 0.17592592592592593
      },
      "CNN": {
        "accuracy": 0.5069444444444444,
        "kappa": 0.34259259259259256,
        "best_val_accuracy": 0.5517241358757019
      }
    },
    "subject_02": {
      "TRCA": {
        "accuracy": 0.25,
        "kappa": 0.0
      },
      "Wavelet": {
        "accuracy": 0.2708333333333333,
        "kappa": 0.02777777777777779
      },
      "CNN": {
        "accuracy": 0.23958333333333334,
        "kappa": -0.01388888888888884,
        "best_val_accuracy": 0.32758620381355286
      }
    },
    "subject_03": {
      "TRCA": {
        "accuracy": 0.3819444444444444,
        "kappa": 0.17592592592592593
      },
      "Wavelet": {
        "accuracy": 0.5486111111111112,
        "kappa": 0.39814814814814814
      },
      "CNN": {
        "accuracy": 0.6284722222222222,
        "kappa": 0.5046296296296297,
        "best_val_accuracy": 0.5517241358757019
      }
    },
    "subject_04": {
      "TRCA": {
        "accuracy": 0.375,
        "kappa": 0.16666666666666663
      },
      "Wavelet": {
        "accuracy": 0.3368055555555556,
        "kappa": 0.1157407407407407
      },
      "CNN": {
        "accuracy": 0.3506944444444444,
        "kappa": 0.1342592592592593,
        "best_val_accuracy": 0.4137931168079376
      }
    },
    "subject_05": {
      "TRCA": {
        "accuracy": 0.3368055555555556,
        "kappa": 0.1157407407407407
      },
      "Wavelet": {
        "accuracy": 0.25,
        "kappa": 0.0
      },
      "CNN": {
        "accuracy": 0.2638888888888889,
        "kappa": 0.01851851851851849,
        "best_val_accuracy": 0.3965517282485962
      }
    },
    "subject_06": {
      "TRCA": {
        "accuracy": 0.2777777777777778,
        "kappa": 0.03703703703703709
      },
      "Wavelet": {
        "accuracy": 0.2986111111111111,
        "kappa": 0.06481481481481477
      },
      "CNN": {
        "accuracy": 0.2743055555555556,
        "kappa": 0.03240740740740744,
        "best_val_accuracy": 0.3103448152542114
      }
    },
    "subject_07": {
      "TRCA": {
        "accuracy": 0.3611111111111111,
        "kappa": 0.14814814814814814
      },
      "Wavelet": {
        "accuracy": 0.5104166666666666,
        "kappa": 0.3472222222222222
      },
      "CNN": {
        "accuracy": 0.28125,
        "kappa": 0.04166666666666663,
        "best_val_accuracy": 0.3448275923728943
      }
    },
    "subject_08": {
      "TRCA": {
        "accuracy": 0.34375,
        "kappa": 0.125
      },
      "Wavelet": {
        "accuracy": 0.3854166666666667,
        "kappa": 0.18055555555555558
      },
      "CNN": {
        "accuracy": 0.4826388888888889,
        "kappa": 0.31018518518518523,
        "best_val_accuracy": 0.5
      }
    },
    "subject_09": {
      "TRCA": {
        "accuracy": 0.4722222222222222,
        "kappa": 0.2962962962962963
      },
      "Wavelet": {
        "accuracy": 0.5902777777777778,
        "kappa": 0.4537037037037037
      },
      "CNN": {
        "accuracy": 0.5451388888888888,
        "kappa": 0.3935185185185185,
        "best_val_accuracy": 0.5344827771186829
      }
    }
  },
  "summary": {
    "TRCA": {
      "accuracy_mean": 0.37191358024691357,
      "accuracy_std": 0.08644902777969374,
      "kappa_mean": 0.1625514403292181,
      "kappa_std": 0.11526537037292497
    },
    "Wavelet": {
      "accuracy_mean": 0.3969907407407407,
      "accuracy_std": 0.11756661640768953,
      "kappa_mean": 0.19598765432098764,
      "kappa_std": 0.15675548854358604
    },
    "CNN": {
      "accuracy_mean": 0.3969907407407407,
      "accuracy_std": 0.13664271658557134,
      "kappa_mean": 0.19598765432098764,
      "kappa_std": 0.1821902887807618
    }
  }
}