{
  "TRCA": {
    "accuracy": 0.5416666666666666,
    "kappa": 0.38888888888888884
  },
  "Wavelet": {
    "accuracy": 0.3958333333333333,
    "kappa": 0.19444444444444442
  },
  "CNN": {
    "accuracy": 0.5104166666666666,
    "kappa": 0.3472222222222222,
    "best_val_accuracy": 0.5344827771186829
  }
}