{
  "TRCA": {
    "accuracy": 0.34375,
    "kappa": 0.125
  },
  "Wavelet": {
    "accuracy": 0.3854166666666667,
    "kappa": 0.18055555555555558
  },
  "CNN": {
    "accuracy": 0.4826388888888889,
    "kappa": 0.31018518518518523,
    "best_val_accuracy": 0.5
  }
}