{
  "TRCA": {
    "accuracy": 0.3819444444444444,
    "kappa": 0.17592592592592593
  },
  "Wavelet": {
    "accuracy": 0.5486111111111112,
    "kappa": 0.39814814814814814
  },
  "CNN": {
    "accuracy": 0.6284722222222222,
    "kappa": 0.5046296296296297,
    "best_val_accuracy": 0.5517241358757019
  }
}