{
  "TRCA": {
    "accuracy": 0.375,
    "kappa": 0.16666666666666663
  },
  "Wavelet": {
    "accuracy": 0.3368055555555556,
    "kappa": 0.1157407407407407
  },
  "CNN": {
    "accuracy": 0.3506944444444444,
    "kappa": 0.1342592592592593,
    "best_val_accuracy": 0.4137931168079376
  }
}