{
  "TRCA": {
    "accuracy": 0.25,
    "kappa": 0.0
  },
  "Wavelet": {
    "accuracy": 0.2708333333333333,
    "kappa": 0.02777777777777779
  },
  "CNN": {
    "accuracy": 0.23958333333333334,
    "kappa": -0.01388888888888884,
    "best_val_accuracy": 0.32758620381355286
  }
}