{
  "TRCA": {
    "accuracy": 0.3611111111111111,
    "kappa": 0.14814814814814814
  },
  "Wavelet": {
    "accuracy": 0.5104166666666666,
    "kappa": 0.3472222222222222
  },
  "CNN": {
    "accuracy": 0.28125,
    "kappa": 0.04166666666666663,
    "best_val_accuracy": 0.3448275923728943
  }
}