{
  "TRCA": {
    "accuracy": 0.2777777777777778,
    "kappa": 0.03703703703703709
  },
  "Wavelet": {
    "accuracy": 0.2986111111111111,
    "kappa": 0.06481481481481477
  },
  "CNN": {
    "accuracy": 0.2743055555555556,
    "kappa": 0.03240740740740744,
    "best_val_accuracy": 0.3103448152542114
  }
}