{
  "TRCA": {
    "accuracy": 0.3368055555555556,
    "kappa": 0.1157407407407407
  },
  "Wavelet": {
    "accuracy": 0.25,
    "kappa": 0.0
  },
  "CNN": {
    "accuracy": 0.2638888888888889,
    "kappa": 0.01851851851851849,
    "best_val_accuracy": 0.3965517282485962
  }
}