{
  "TRCA": {
    "accuracy": 0.4722222222222222,
    "kappa": 0.2962962962962963
  },
  "Wavelet": {
    "accuracy": 0.5902777777777778,
    "kappa": 0.4537037037037037
  },
  "CNN": {
    "accuracy": 0.5451388888888888,
    "kappa": 0.3935185185185185,
    "best_val_accuracy": 0.5344827771186829
  }
}